scenario,vehicle_count,nmax,peak_rsu,peak_time_s,radius_m,ever_covered_any,num_steps,avg_concurrent_requests,RSU1_max,RSU1_peak_time_s,RSU2_max,RSU2_peak_time_s,RSU3_max,RSU3_peak_time_s,RSU4_max,RSU4_peak_time_s,RSU5_max,RSU5_peak_time_s,Cui2019_avg_latency_ms,Cui2019_throughput_mbps,Dabra2024_avg_latency_ms,Dabra2024_throughput_mbps,Cui2025_avg_latency_ms,Cui2025_throughput_mbps,Yan2025_avg_latency_ms,Yan2025_throughput_mbps,Ours_Intra_AKA_batch_avg_latency_ms,Ours_Intra_AKA_batch_throughput_mbps,Ours_Inter_AKA_batch_avg_latency_ms,Ours_Inter_AKA_batch_throughput_mbps,Ours_Intra_ReAKA_batch_avg_latency_ms,Ours_Intra_ReAKA_batch_throughput_mbps,Ours_Inter_ReAKA_batch_avg_latency_ms,Ours_Inter_ReAKA_batch_throughput_mbps,Ours_Intra_AKA_noBatch_avg_latency_ms,Ours_Intra_AKA_noBatch_throughput_mbps,Ours_Inter_AKA_noBatch_avg_latency_ms,Ours_Inter_AKA_noBatch_throughput_mbps,Ours_Intra_ReAKA_noBatch_avg_latency_ms,Ours_Intra_ReAKA_noBatch_throughput_mbps,Ours_Inter_ReAKA_noBatch_avg_latency_ms,Ours_Inter_ReAKA_noBatch_throughput_mbps
chaoyang_100_run1.sumocfg,100,8,RSU1,413.0,200.0,True,1232,3.312500000000,8,413.0,5,510.0,7,886.0,6,576.0,5,738.0,0.963897750000002,18.914869341691066,0.267517500000000,380.386329866270387,0.118829312500000,579.823265408524549,0.276471187500000,447.815199549501017,0.139217750000000,832.968497192347968,0.141387437500000,826.183726542183081,0.092498250000000,575.275748460106001,0.094667937500000,566.569858987368320,0.142947625000000,811.234184548361668,0.147287000000000,793.091039942425368,0.096228125000000,552.977624784853674,0.100567500000000,533.333333333333371
chaoyang_100_run10.sumocfg,100,8,RSU1,491.0,200.0,True,1244,2.988745980707,8,491.0,7,513.0,7,543.0,4,426.0,3,251.0,0.869689215434087,18.914869341691066,0.241371125401930,380.386329866270387,0.107215284565917,579.823265408524549,0.249449705787782,447.815199549501017,0.125611016077171,832.968497192347968,0.127568644694534,826.183726542183081,0.083457742765274,575.275748460106001,0.085415371382637,566.569858987368320,0.128976344051447,811.234184548361668,0.132891601286174,793.091039942425368,0.086823070739550,552.977624784853674,0.090738327974277,533.333333333333371
chaoyang_100_run2.sumocfg,100,16,RSU1,765.0,200.0,True,1610,6.000621118013,16,765.0,5,346.0,7,795.0,5,743.0,3,241.0,1.746108737888229,18.914869341691066,0.484610161490692,380.386329866270387,0.215260281366463,579.823265408524549,0.500829840372680,447.815199549501017,0.252194104347830,832.968497192347968,0.256124511180129,826.183726542183081,0.167561344099382,575.275748460106001,0.171491750931680,566.569858987368320,0.258950803726713,811.234184548361668,0.266811617391309,793.091039942425368,0.174318043478264,552.977624784853674,0.182178857142860,533.333333333333371
chaoyang_100_run3.sumocfg,100,8,RSU1,1028.0,200.0,True,1301,2.785549577248,8,1028.0,4,1012.0,7,276.0,6,901.0,3,242.0,0.810561500384323,18.914869341691066,0.224960983858571,380.386329866270387,0.099926019984628,579.823265408524549,0.232490324365873,447.815199549501017,0.117071077632591,832.968497192347968,0.118895612605688,826.183726542183081,0.077783686395081,575.275748460106001,0.079608221368179,566.569858987368320,0.120207606456572,811.234184548361668,0.123856676402768,793.091039942425368,0.080920215219063,552.977624784853674,0.084569285165258,533.333333333333371
chaoyang_100_run4.sumocfg,100,9,RSU1,844.0,200.0,True,1330,3.324060150376,9,844.0,5,421.0,5,468.0,4,596.0,4,329.0,0.967261615037600,18.914869341691066,0.268451097744363,380.386329866270387,0.119244009774437,579.823265408524549,0.277436032330829,447.815199549501017,0.139703600000001,832.968497192347968,0.141880859398497,826.183726542183081,0.092821055639098,575.275748460106001,0.094998315037595,566.569858987368320,0.143446491729324,811.234184548361668,0.147801010526317,793.091039942425368,0.096563947368422,552.977624784853674,0.100918466165414,533.333333333333371
chaoyang_100_run5.sumocfg,100,8,RSU1,856.0,200.0,True,1204,3.167774086379,8,856.0,6,877.0,6,999.0,4,712.0,3,149.0,0.921784245847175,18.914869341691066,0.255829435215946,380.386329866270387,0.113637559800664,579.823265408524549,0.264391928571428,447.815199549501017,0.133135209302325,832.968497192347968,0.135210101328903,826.183726542183081,0.088456923588040,575.275748460106001,0.090531815614618,566.569858987368320,0.136702122923588,811.234184548361668,0.140851906976744,793.091039942425368,0.092023837209302,552.977624784853674,0.096173621262458,533.333333333333371
chaoyang_100_run6.sumocfg,100,8,RSU1,311.0,200.0,True,1282,3.550702028081,8,311.0,5,239.0,7,811.0,4,301.0,6,554.0,1.033211681747272,18.914869341691066,0.286754695787832,380.386329866270387,0.127374333853354,579.823265408524549,0.296352243369735,447.815199549501017,0.149228904836194,832.968497192347968,0.151554614664587,826.183726542183081,0.099149803432137,575.275748460106001,0.101475513260531,566.569858987368320,0.153226995319813,811.234184548361668,0.157878414976599,793.091039942425368,0.103147893915757,552.977624784853674,0.107799313572543,533.333333333333371
chaoyang_100_run7.sumocfg,100,12,RSU1,943.0,200.0,True,1379,3.952864394489,12,943.0,4,422.0,7,178.0,3,248.0,4,235.0,1.150236104423506,18.914869341691066,0.319233328498915,380.386329866270387,0.141801104423497,579.823265408524549,0.329917920957218,447.815199549501017,0.166130984771575,832.968497192347968,0.168720110949965,826.183726542183081,0.110379785351705,575.275748460106001,0.112968911530095,566.569858987368320,0.170581910079770,811.234184548361668,0.175760162436550,793.091039942425368,0.114830710659900,552.977624784853674,0.120008963016680,533.333333333333371
chaoyang_100_run8.sumocfg,100,7,RSU1,416.0,200.0,True,1239,2.983050847458,7,416.0,4,240.0,5,361.0,5,658.0,4,1047.0,0.868032000000001,18.914869341691066,0.240911186440678,380.386329866270387,0.107010983050848,579.823265408524549,0.248974372881356,447.815199549501017,0.125371661016949,832.968497192347968,0.127325559322034,826.183726542183081,0.083298711864407,575.275748460106001,0.085252610169492,566.569858987368320,0.128730576271187,811.234184548361668,0.132638372881356,793.091039942425368,0.086657627118644,552.977624784853674,0.090565423728814,533.333333333333371
chaoyang_100_run9.sumocfg,100,7,RSU1,327.0,200.0,True,1196,2.867056856187,7,327.0,4,241.0,6,728.0,6,526.0,3,233.0,0.834279140468237,18.914869341691066,0.231543511705688,380.386329866270387,0.102849930602008,579.823265408524549,0.239293166387963,447.815199549501017,0.120496665551841,832.968497192347968,0.122374587792644,826.183726542183081,0.080059695652175,575.275748460106001,0.081937617892978,566.569858987368320,0.123724971571908,811.234184548361668,0.127480816053513,793.091039942425368,0.083288001672242,552.977624784853674,0.087043846153847,533.333333333333371
chaoyang_1000_run1.sumocfg,1000,127,RSU1,951.0,200.0,True,6844,45.357831677382,127,951.0,66,995.0,31,309.0,21,965.0,12,467.0,13.198584724138112,18.914869341691066,3.663098486265392,380.386329866270387,1.627121495762734,579.823265408524549,3.785700705289356,447.815199549501017,1.906298949737022,832.968497192347968,1.936008329485707,826.183726542183081,1.266572091759222,575.275748460106001,1.296281471507908,566.569858987368320,1.957371868205754,811.234184548361668,2.016790627703125,793.091039942425368,1.317645010227955,552.977624784853674,1.377063769725326,533.333333333333371
chaoyang_1000_run10.sumocfg,1000,129,RSU1,1014.0,200.0,True,7011,46.116245899302,129,1014.0,62,1215.0,30,638.0,21,886.0,14,576.0,13.419274161745991,18.914869341691066,3.724348018827602,380.386329866270387,1.654328089145648,579.823265408524549,3.849000231493414,447.815199549501017,1.938173582655850,832.968497192347968,1.968379723719893,826.183726542183081,1.287750050492100,575.275748460106001,1.317956191556142,566.569858987368320,1.990100475538464,811.234184548361668,2.050512757666549,793.091039942425368,1.339676943374713,552.977624784853674,1.400089225502798,533.333333333333371
chaoyang_1000_run2.sumocfg,1000,139,RSU1,869.0,200.0,True,7449,51.756880118136,139,869.0,68,989.0,27,715.0,23,281.0,11,338.0,15.060631031816179,18.914869341691066,4.179885638340669,380.386329866270387,1.856674560477895,579.823265408524549,4.319784485299991,447.815199549501017,2.175238157605023,832.968497192347968,2.209138914082402,826.183726542183081,1.445259120418832,575.275748460106001,1.479159876896211,566.569858987368320,2.233516404618044,811.234184548361668,2.301317917572802,793.091039942425368,1.503537367431853,552.977624784853674,1.571338880386611,533.333333333333371
chaoyang_1000_run3.sumocfg,1000,129,RSU1,893.0,200.0,True,6825,52.200439560440,129,893.0,81,902.0,30,820.0,20,731.0,12,736.0,15.189701506813176,18.914869341691066,4.215707498901097,380.386329866270387,1.872586368351647,579.823265408524549,4.356805287032963,447.815199549501017,2.193880073846152,832.968497192347968,2.228071361758240,826.183726542183081,1.457645074285713,575.275748460106001,1.491836362197801,566.569858987368320,2.252657768791207,811.234184548361668,2.321040344615383,793.091039942425368,1.516422769230768,552.977624784853674,1.584805345054944,533.333333333333371
chaoyang_1000_run4.sumocfg,1000,121,RSU1,793.0,200.0,True,6668,46.024445110978,121,793.0,72,999.0,26,910.0,21,543.0,12,420.0,13.392561233953234,18.914869341691066,3.716934187162575,380.386329866270387,1.651034919466110,579.823265408524549,3.841338262297548,447.815199549501017,1.934315379124179,832.968497192347968,1.964461390671869,826.183726542183081,1.285186605278947,575.275748460106001,1.315332616826637,566.569858987368320,1.986138904319140,811.234184548361668,2.046430927414521,793.091039942425368,1.337010130473908,552.977624784853674,1.397302153569289,533.333333333333371
chaoyang_1000_run5.sumocfg,1000,127,RSU1,807.0,200.0,True,6684,48.041891083183,127,807.0,65,991.0,27,371.0,21,999.0,14,241.0,13.979613802513356,18.914869341691066,3.879863123877887,380.386329866270387,1.723406758827036,579.823265408524549,4.009720355475731,447.815199549501017,2.019104598444029,832.968497192347968,2.050572037103514,826.183726542183081,1.341521766606812,575.275748460106001,1.372989205266297,566.569858987368320,2.073199767803694,811.234184548361668,2.136134645122664,793.091039942425368,1.395616935966476,552.977624784853674,1.458551813285446,533.333333333333371
chaoyang_1000_run6.sumocfg,1000,126,RSU1,982.0,200.0,True,7130,53.105890603085,126,982.0,68,895.0,27,563.0,21,501.0,13,286.0,15.453176894810602,18.914869341691066,4.288831725105174,380.386329866270387,1.905067613604481,579.823265408524549,4.432376947405312,447.815199549501017,2.231934370266472,832.968497192347968,2.266718728611492,826.183726542183081,1.482928889200555,575.275748460106001,1.517713247545576,566.569858987368320,2.291731603085545,811.234184548361668,2.361300319775587,793.091039942425368,1.542726122019630,552.977624784853674,1.612294838709671,533.333333333333371
chaoyang_1000_run7.sumocfg,1000,119,RSU1,1046.0,200.0,True,7344,42.950435729848,119,1046.0,69,1165.0,27,195.0,21,282.0,13,153.0,12.498061392157096,18.914869341691066,3.468677189542549,380.386329866270387,1.540760980936848,579.823265408524549,3.584772217320328,447.815199549501017,1.805120912854064,832.968497192347968,1.833253448257115,826.183726542183081,1.199347967320284,575.275748460106001,1.227480502723335,566.569858987368320,1.853483103485874,811.234184548361668,1.909748174291975,793.091039942425368,1.247710157952093,552.977624784853674,1.303975228758194,533.333333333333371
chaoyang_1000_run8.sumocfg,1000,124,RSU1,936.0,200.0,True,7204,46.103275957801,124,936.0,57,1113.0,30,540.0,20,725.0,12,152.0,13.415500064408642,18.914869341691066,3.723300566352021,380.386329866270387,1.653862818434201,579.823265408524549,3.847917721265957,447.815199549501017,1.937628481954467,832.968497192347968,1.967826127706827,826.183726542183081,1.287387877845639,575.275748460106001,1.317585523597999,566.569858987368320,1.989540770682951,811.234184548361668,2.049936062187670,793.091039942425368,1.339300166574124,552.977624784853674,1.399695458078843,533.333333333333371
chaoyang_1000_run9.sumocfg,1000,134,RSU1,1053.0,200.0,True,7362,51.807389296387,134,1053.0,57,1063.0,24,392.0,22,533.0,12,507.0,15.075328596577116,18.914869341691066,4.183964759576230,380.386329866270387,1.858486476229298,579.823265408524549,4.324000132844364,447.815199549501017,2.177360957348561,832.968497192347968,2.211294797337695,826.183726542183081,1.446669538712316,575.275748460106001,1.480603378701450,566.569858987368320,2.235696077696293,811.234184548361668,2.303563757674560,793.091039942425368,1.505004659060048,552.977624784853674,1.572872339038315,533.333333333333371
chaoyang_200_run1.sumocfg,200,22,RSU1,1047.0,200.0,True,1736,8.519585253456,22,1047.0,8,614.0,10,441.0,6,595.0,7,862.0,2.479097073732689,18.914869341691066,0.688041705069116,380.386329866270387,0.305623081797231,579.823265408524549,0.711070144009208,447.815199549501017,0.358061129032254,832.968497192347968,0.363641457373268,826.183726542183081,0.237900898617509,575.275748460106001,0.243481226958522,566.569858987368320,0.367654182027645,811.234184548361668,0.378814838709673,793.091039942425368,0.247493951612900,552.977624784853674,0.258654608294928,533.333333333333371
chaoyang_200_run10.sumocfg,200,25,RSU1,1036.0,200.0,True,1860,10.167741935484,25,1036.0,8,783.0,14,201.0,8,425.0,5,829.0,2.958690890322568,18.914869341691066,0.821146838709674,380.386329866270387,0.364747406451611,579.823265408524549,0.848630245161287,447.815199549501017,0.427329858064514,832.968497192347968,0.433989729032256,826.183726542183081,0.283924025806450,575.275748460106001,0.290583896774192,566.569858987368320,0.438778735483869,811.234184548361668,0.452098477419353,793.091039942425368,0.295372903225805,552.977624784853674,0.308692645161289,533.333333333333371
chaoyang_200_run2.sumocfg,200,20,RSU1,940.0,200.0,True,1598,8.098247809762,20,940.0,8,239.0,8,451.0,7,311.0,6,323.0,2.356492933667101,18.914869341691066,0.654014493116400,380.386329866270387,0.290508443679602,579.823265408524549,0.675904056946188,447.815199549501017,0.340353158948688,832.968497192347968,0.345657511264083,826.183726542183081,0.226135471839801,575.275748460106001,0.231439824155196,566.569858987368320,0.349471785982481,811.234184548361668,0.360080490613269,793.091039942425368,0.235254098873594,552.977624784853674,0.245862803504382,533.333333333333371
chaoyang_200_run3.sumocfg,200,16,RSU1,956.0,200.0,True,1551,6.765312701483,16,956.0,7,357.0,8,371.0,6,472.0,4,468.0,1.968624812379112,18.914869341691066,0.546366653771761,380.386329866270387,0.242692062540297,579.823265408524549,0.564653294003869,447.815199549501017,0.284332562217924,832.968497192347968,0.288763842037395,826.183726542183081,0.188914591876209,575.275748460106001,0.193345871695680,566.569858987368320,0.291950304319794,811.234184548361668,0.300812863958737,793.091039942425368,0.196532333978079,552.977624784853674,0.205394893617021,533.333333333333371
chaoyang_200_run4.sumocfg,200,24,RSU1,1025.0,200.0,True,2003,9.252121817274,24,1025.0,7,247.0,8,447.0,6,813.0,4,125.0,2.692256423364928,18.914869341691066,0.747201357963049,380.386329866270387,0.331901365951070,579.823265408524549,0.772209843235140,447.815199549501017,0.388848175736392,832.968497192347968,0.394908315526706,826.183726542183081,0.258356249625559,575.275748460106001,0.264416389415874,566.569858987368320,0.399266064902643,811.234184548361668,0.411386344483271,793.091039942425368,0.268774138791810,552.977624784853674,0.280894418372439,533.333333333333371
chaoyang_200_run5.sumocfg,200,22,RSU1,958.0,200.0,True,1782,9.916947250281,22,958.0,11,420.0,8,549.0,7,604.0,5,466.0,2.885712646464681,18.914869341691066,0.800892659932670,380.386329866270387,0.355750648709320,579.823265408524549,0.827698168350178,447.815199549501017,0.416789459034797,832.968497192347968,0.423285059483731,826.183726542183081,0.276920835016838,575.275748460106001,0.283416435465772,566.569858987368320,0.427955941638614,811.234184548361668,0.440947142536481,793.091039942425368,0.288087317620654,552.977624784853674,0.301078518518522,533.333333333333371
chaoyang_200_run6.sumocfg,200,19,RSU1,761.0,200.0,True,1534,7.265319426336,19,761.0,8,513.0,10,722.0,6,664.0,5,880.0,2.114120769230745,18.914869341691066,0.586747196870919,380.386329866270387,0.260628803780962,579.823265408524549,0.606385355280306,447.815199549501017,0.305346844850062,832.968497192347968,0.310105629074312,826.183726542183081,0.202876779661015,575.275748460106001,0.207635563885265,566.569858987368320,0.313527594524116,811.234184548361668,0.323045162972617,793.091039942425368,0.211057529335069,552.977624784853674,0.220575097783570,533.333333333333371
chaoyang_200_run7.sumocfg,200,23,RSU1,676.0,200.0,True,1765,11.961473087819,23,676.0,7,248.0,9,729.0,6,669.0,5,695.0,3.480645130878184,18.914869341691066,0.966008566572237,380.386329866270387,0.429093924079320,579.823265408524549,0.998340428328611,447.815199549501017,0.502716790934844,832.968497192347968,0.510551555807365,826.183726542183081,0.334012174504249,575.275748460106001,0.341846939376770,566.569858987368320,0.516185409631728,811.234184548361668,0.531854939376770,793.091039942425368,0.347480793201133,552.977624784853674,0.363150322946175,533.333333333333371
chaoyang_200_run8.sumocfg,200,23,RSU1,678.0,200.0,True,1828,10.134026258206,23,678.0,8,716.0,10,637.0,6,140.0,6,509.0,2.948880032822747,18.914869341691066,0.818423960612689,380.386329866270387,0.363537923960611,579.823265408524549,0.845816233588618,447.815199549501017,0.425912855579867,832.968497192347968,0.432550642778992,826.183726542183081,0.282982549234135,575.275748460106001,0.289620336433259,566.569858987368320,0.437323769146607,811.234184548361668,0.450599343544856,793.091039942425368,0.294393462800874,552.977624784853674,0.307669037199124,533.333333333333371
chaoyang_200_run9.sumocfg,200,22,RSU1,1118.0,200.0,True,1820,9.426373626374,22,1118.0,8,358.0,13,355.0,11,314.0,6,614.0,2.742961608791212,18.914869341691066,0.761273934065935,380.386329866270387,0.338152301098901,579.823265408524549,0.786753421978023,447.815199549501017,0.396171630769231,832.968497192347968,0.402345905494506,826.183726542183081,0.263222057142857,575.275748460106001,0.269396331868132,566.569858987368320,0.406785727472528,811.234184548361668,0.419134276923077,793.091039942425368,0.273836153846154,552.977624784853674,0.286184703296704,533.333333333333371
chaoyang_300_run1.sumocfg,300,53,RSU1,974.0,200.0,True,2406,18.389443059019,53,974.0,12,1267.0,11,367.0,8,999.0,5,253.0,5.351107256857908,18.914869341691066,1.485131421446399,380.386329866270387,0.659684490856199,579.823265408524549,1.534838086034928,447.815199549501017,0.772871512884463,832.968497192347968,0.784916598088121,826.183726542183081,0.513506807980055,575.275748460106001,0.525551893183713,566.569858987368320,0.793578025768919,811.234184548361668,0.817668196176234,793.091039942425368,0.534213320864511,552.977624784853674,0.558303491271826,533.333333333333371
chaoyang_300_run10.sumocfg,300,34,RSU1,865.0,200.0,True,2926,15.641148325359,34,865.0,28,1059.0,10,475.0,8,367.0,8,430.0,4.551386468899468,18.914869341691066,1.263179138755966,380.386329866270387,0.561094913875591,579.823265408524549,1.305457162679410,447.815199549501017,0.657366181818174,832.968497192347968,0.667611133971284,826.183726542183081,0.436763425837315,575.275748460106001,0.447008377990425,566.569858987368320,0.674978114832528,811.234184548361668,0.695468019138748,793.091039942425368,0.454375358851669,552.977624784853674,0.474865263157889,533.333333333333371
chaoyang_300_run2.sumocfg,300,52,RSU1,853.0,200.0,True,2727,22.204253758709,52,853.0,23,871.0,11,266.0,9,582.0,6,239.0,6.461171392739335,18.914869341691066,1.793215533553372,380.386329866270387,0.796533195086183,579.823265408524549,1.853233631463164,447.815199549501017,0.933200376971039,832.968497192347968,0.947744163182994,826.183726542183081,0.620031581958202,575.275748460106001,0.634575368170156,566.569858987368320,0.958202366703346,811.234184548361668,0.987289939127255,793.091039942425368,0.645033571690508,552.977624784853674,0.674121144114418,533.333333333333371
chaoyang_300_run3.sumocfg,300,42,RSU1,980.0,200.0,True,2785,16.415798922801,42,980.0,28,1144.0,11,549.0,10,524.0,9,508.0,4.776800496947896,18.914869341691066,1.325739921005375,380.386329866270387,0.588883954757625,579.823265408524549,1.370111825493705,447.815199549501017,0.689923197127463,832.968497192347968,0.700675545421897,826.183726542183081,0.458394769120283,575.275748460106001,0.469147117414718,566.569858987368320,0.708407386714536,811.234184548361668,0.729912083303405,793.091039942425368,0.476878958707357,552.977624784853674,0.498383655296226,533.333333333333371
chaoyang_300_run4.sumocfg,300,50,RSU1,865.0,200.0,True,2576,17.787267080745,50,865.0,23,1054.0,11,530.0,6,404.0,6,327.0,5.175881273291922,18.914869341691066,1.436499689440993,380.386329866270387,0.638082631987577,579.823265408524549,1.484578672360247,447.815199549501017,0.747563260869565,832.968497192347968,0.759213920807453,826.183726542183081,0.496691645962733,575.275748460106001,0.508342305900621,566.569858987368320,0.767591723602484,811.234184548361668,0.790893043478260,793.091039942425368,0.516720108695652,552.977624784853674,0.540021428571428,533.333333333333371
chaoyang_300_run5.sumocfg,300,35,RSU1,504.0,200.0,True,3083,16.148232241323,35,504.0,25,992.0,11,527.0,8,250.0,7,627.0,4.698941803438192,18.914869341691066,1.304131235809272,380.386329866270387,0.579285535192992,579.823265408524549,1.347779907557569,447.815199549501017,0.678677904638337,832.968497192347968,0.689254996756404,826.183726542183081,0.450923237106713,575.275748460106001,0.461500329224779,566.569858987368320,0.696860814142067,811.234184548361668,0.718014998378200,793.091039942425368,0.469106146610443,552.977624784853674,0.490260330846576,533.333333333333371
chaoyang_300_run6.sumocfg,300,50,RSU1,1029.0,200.0,True,2272,21.242077464789,50,1029.0,15,1154.0,11,448.0,10,301.0,7,509.0,6.181189637323962,18.914869341691066,1.715510176056343,380.386329866270387,0.762017044894368,579.823265408524549,1.772927511443667,447.815199549501017,0.892762031690144,832.968497192347968,0.906675592429580,826.183726542183081,0.593163771126762,575.275748460106001,0.607077331866199,566.569858987368320,0.916680610915496,811.234184548361668,0.944507732394369,793.091039942425368,0.617082350352115,552.977624784853674,0.644909471830988,533.333333333333371
chaoyang_300_run7.sumocfg,300,36,RSU1,707.0,200.0,True,2455,16.110386965377,36,707.0,17,1052.0,12,358.0,8,524.0,6,329.0,4.687929282281042,18.914869341691066,1.301074851323824,380.386329866270387,0.577927911608959,579.823265408524549,1.344621227291237,447.815199549501017,0.677087343380853,832.968497192347968,0.687639646843175,826.183726542183081,0.449866445621180,575.275748460106001,0.460418749083501,566.569858987368320,0.695227639103867,811.234184548361668,0.716332246028511,793.091039942425368,0.468006741344194,552.977624784853674,0.489111348268837,533.333333333333371
chaoyang_300_run8.sumocfg,300,31,RSU1,1113.0,200.0,True,2011,14.698657384386,31,1113.0,9,527.0,13,730.0,12,801.0,7,108.0,4.277132914967688,18.914869341691066,1.187063570363006,380.386329866270387,0.527284936350076,579.823265408524549,1.226794041273002,447.815199549501017,0.617755172550971,832.968497192347968,0.627382793137744,826.183726542183081,0.410445308801592,575.275748460106001,0.420072929388365,566.569858987368320,0.634305860765790,811.234184548361668,0.653561101939335,793.091039942425368,0.426995997016411,552.977624784853674,0.446251238189956,533.333333333333371
chaoyang_300_run9.sumocfg,300,49,RSU1,865.0,200.0,True,2431,19.893048128342,49,865.0,19,968.0,8,208.0,9,724.0,7,422.0,5.788638288770043,18.914869341691066,1.606562566844917,380.386329866270387,0.713623315508020,579.823265408524549,1.660333475935826,447.815199549501017,0.836065026737966,832.968497192347968,0.849094973262031,826.183726542183081,0.555493475935828,575.275748460106001,0.568523422459892,566.569858987368320,0.858464598930480,811.234184548361668,0.884524491978608,793.091039942425368,0.577893048128341,552.977624784853674,0.603952941176469,533.333333333333371
chaoyang_400_run1.sumocfg,400,58,RSU1,1053.0,200.0,True,3195,22.534898278560,58,1053.0,28,792.0,12,141.0,11,993.0,9,559.0,6.557384980281656,18.914869341691066,1.819918384976516,380.386329866270387,0.808394405946787,579.823265408524549,1.880830215023464,447.815199549501017,0.947096704851325,832.968497192347968,0.961857063223782,826.183726542183081,0.629264499530513,575.275748460106001,0.644024857902970,566.569858987368320,0.972471000312984,811.234184548361668,1.001991717057898,793.091039942425368,0.654638794992172,552.977624784853674,0.684159511737086,533.333333333333371
chaoyang_400_run10.sumocfg,400,61,RSU1,976.0,200.0,True,4172,20.983221476510,61,976.0,30,618.0,15,639.0,11,540.0,8,553.0,6.105865651006750,18.914869341691066,1.694604966442964,380.386329866270387,0.752731104026850,579.823265408524549,1.751322614093971,447.815199549501017,0.881882832214771,832.968497192347968,0.895626842281885,826.183726542183081,0.585935476510071,575.275748460106001,0.599679486577185,566.569858987368320,0.905509939597321,811.234184548361668,0.932997959731550,793.091039942425368,0.609562583892621,552.977624784853674,0.637050604026850,533.333333333333371
chaoyang_400_run2.sumocfg,400,44,RSU1,769.0,200.0,True,3124,19.491037131882,44,769.0,24,1061.0,14,284.0,9,632.0,6,509.0,5.671657912932111,18.914869341691066,1.574096158770799,380.386329866270387,0.699201975032007,579.823265408524549,1.626780432138276,447.815199549501017,0.819169308578741,832.968497192347968,0.831935937900124,826.183726542183081,0.544267720870676,575.275748460106001,0.557034350192059,566.569858987368320,0.841116216389241,811.234184548361668,0.866649475032006,793.091039942425368,0.566214628681175,552.977624784853674,0.591747887323941,533.333333333333371
chaoyang_400_run3.sumocfg,400,54,RSU1,1106.0,200.0,True,3600,21.677500000000,54,1106.0,27,996.0,13,632.0,11,415.0,7,420.0,6.307892369999951,18.914869341691066,1.750674899999987,380.386329866270387,0.777636957499994,579.823265408524549,1.809269182499986,447.815199549501017,0.911061969999993,832.968497192347968,0.925260732499993,826.183726542183081,0.605322509999995,575.275748460106001,0.619521272499995,566.569858987368320,0.935470834999993,811.234184548361668,0.963868359999992,793.091039942425368,0.629731374999995,552.977624784853674,0.658128899999995,533.333333333333371
chaoyang_400_run4.sumocfg,400,68,RSU1,1019.0,200.0,True,3551,25.990706843143,68,1019.0,29,989.0,12,501.0,8,532.0,9,867.0,7.562983802872429,18.914869341691066,2.099009484652210,380.386329866270387,0.932364626584061,579.823265408524549,2.169262365249225,447.815199549501017,1.092337427203604,832.968497192347968,1.109361340185863,826.183726542183081,0.725764497887919,575.275748460106001,0.742788410870177,566.569858987368320,1.121602963108983,811.234184548361668,1.155650789073500,793.091039942425368,0.755030033793298,552.977624784853674,0.789077859757815,533.333333333333371
chaoyang_400_run5.sumocfg,400,38,RSU1,947.0,200.0,True,2903,16.436789528074,38,947.0,28,970.0,15,823.0,15,813.0,7,601.0,4.782908511195278,18.914869341691066,1.327435122287279,380.386329866270387,0.589636950740609,579.823265408524549,1.371863764381664,447.815199549501017,0.690805390285906,832.968497192347968,0.701571487426794,826.183726542183081,0.458980910781946,575.275748460106001,0.469747007922835,566.569858987368320,0.709313215294518,811.234184548361668,0.730845409576295,793.091039942425368,0.477488735790558,552.977624784853674,0.499020930072335,533.333333333333371
chaoyang_400_run6.sumocfg,400,74,RSU1,1133.0,200.0,True,3719,28.912342027427,74,1133.0,37,904.0,15,262.0,9,363.0,6,151.0,8.413144581876798,18.914869341691066,2.334960742134969,380.386329866270387,1.037172445549873,579.823265408524549,2.413110802635102,447.815199549501017,1.215127910728683,832.968497192347968,1.234065494756648,826.183726542183081,0.807348238773859,575.275748460106001,0.826285822801824,566.569858987368320,1.247683207851566,811.234184548361668,1.285558375907494,793.091039942425368,0.839903535896742,552.977624784853674,0.877778703952670,533.333333333333371
chaoyang_400_run7.sumocfg,400,39,RSU1,416.0,200.0,True,3242,17.731955582973,39,416.0,30,869.0,20,370.0,10,941.0,8,969.0,5.159786291178265,18.914869341691066,1.432032732880932,380.386329866270387,0.636098442628005,579.823265408524549,1.479962208821709,447.815199549501017,0.745238629241206,832.968497192347968,0.756853060148054,826.183726542183081,0.495147127698949,575.275748460106001,0.506761558605797,566.569858987368320,0.765204811227634,811.234184548361668,0.788433673041329,793.091039942425368,0.515113309685377,552.977624784853674,0.538342171499073,533.333333333333371
chaoyang_400_run8.sumocfg,400,71,RSU1,1028.0,200.0,True,3571,26.781573788854,71,1028.0,28,1425.0,14,187.0,10,160.0,10,1006.0,7.793116593671177,18.914869341691066,2.162879899187885,380.386329866270387,0.960735396527575,579.823265408524549,2.235270493139158,447.815199549501017,1.125575983197975,832.968497192347968,1.143117914029674,826.183726542183081,0.747848666479972,575.275748460106001,0.765390597311671,566.569858987368320,1.155732035284225,811.234184548361668,1.190815896947624,793.091039942425368,0.778004718566222,552.977624784853674,0.813088580229621,533.333333333333371
chaoyang_400_run9.sumocfg,400,49,RSU1,842.0,200.0,True,2838,18.980620155039,49,842.0,30,995.0,18,190.0,12,523.0,8,597.0,5.523132697674425,18.914869341691066,1.532874883720932,380.386329866270387,0.680891786821706,579.823265408524549,1.584179500000002,447.815199549501017,0.797717503875970,832.968497192347968,0.810149810077520,826.183726542183081,0.530014837209303,575.275748460106001,0.542447143410853,566.569858987368320,0.819089682170544,811.234184548361668,0.843954294573644,793.091039942425368,0.551387015503877,552.977624784853674,0.576251627906977,533.333333333333371
chaoyang_500_run1.sumocfg,500,74,RSU1,1113.0,200.0,True,4071,28.547531319087,74,1113.0,30,976.0,19,998.0,13,952.0,8,825.0,8.306989043478364,18.914869341691066,2.305498629329431,380.386329866270387,1.024085591009593,579.823265408524549,2.382662606484922,447.815199549501017,1.199795646278570,832.968497192347968,1.218494279292572,826.183726542183081,0.797161264554173,575.275748460106001,0.815859897568175,566.569858987368320,1.231940166543862,811.234184548361668,1.269337432571865,793.091039942425368,0.829305784819465,552.977624784853674,0.866703050847468,533.333333333333371
chaoyang_500_run10.sumocfg,500,86,RSU1,1020.0,200.0,True,3392,33.735259433962,86,1020.0,32,901.0,15,582.0,12,547.0,10,741.0,9.816555672169772,18.914869341691066,2.724459551886782,380.386329866270387,1.210184961674523,579.823265408524549,2.815645958136781,447.815199549501017,1.417825483490560,832.968497192347968,1.439922078419805,826.183726542183081,0.942023384433958,575.275748460106001,0.964119979363204,566.569858987368320,1.455811385613202,811.234184548361668,1.500004575471692,793.091039942425368,0.980009286556600,552.977624784853674,1.024202476415090,533.333333333333371
chaoyang_500_run2.sumocfg,500,79,RSU1,1233.0,200.0,True,4852,29.291838417147,79,1233.0,31,1079.0,18,277.0,12,231.0,8,238.0,8.523573477328814,18.914869341691066,2.365608870568804,380.386329866270387,1.050786119538319,579.823265408524549,2.444784709810352,447.815199549501017,1.231077384995860,832.968497192347968,1.250263539159091,826.183726542183081,0.817945295960417,575.275748460106001,0.837131450123648,566.569858987368320,1.264059995053568,811.234184548361668,1.302432303380031,793.091039942425368,0.850927906018125,552.977624784853674,0.889300214344587,533.333333333333371
chaoyang_500_run3.sumocfg,500,69,RSU1,1160.0,200.0,True,4716,26.483884648008,69,1160.0,30,691.0,22,456.0,14,708.0,9,830.0,7.706492625954457,18.914869341691066,2.138838524173100,380.386329866270387,0.950056393977979,579.823265408524549,2.210424464376664,447.815199549501017,1.113064703986466,832.968497192347968,1.130411648430911,826.183726542183081,0.739535994910966,575.275748460106001,0.756882939355411,566.569858987368320,1.142885558100123,811.234184548361668,1.177579446989013,793.091039942425368,0.769356849024623,552.977624784853674,0.804050737913513,533.333333333333371
chaoyang_500_run4.sumocfg,500,76,RSU1,1123.0,200.0,True,3904,28.984118852459,76,1123.0,37,764.0,14,534.0,10,370.0,8,1008.0,8.434030776639441,18.914869341691066,2.340757438524617,380.386329866270387,1.039747295594274,579.823265408524549,2.419101511782814,447.815199549501017,1.218144547131161,832.968497192347968,1.237129144979522,826.183726542183081,0.809352534836075,575.275748460106001,0.828337132684436,566.569858987368320,1.250780664959031,811.234184548361668,1.288749860655752,793.091039942425368,0.841988652663944,552.977624784853674,0.879957848360666,533.333333333333371
chaoyang_500_run5.sumocfg,500,94,RSU1,1012.0,200.0,True,3922,41.206017338093,94,1012.0,30,1068.0,14,459.0,11,726.0,7,241.0,11.990456573177068,18.914869341691066,3.327797960224409,380.386329866270387,1.478183459969418,579.823265408524549,3.439177825089274,447.815199549501017,1.731806496685382,832.968497192347968,1.758796438041833,826.183726542183081,1.150636828148915,575.275748460106001,1.177626769505366,566.569858987368320,1.778204472208075,811.234184548361668,1.832184354920977,793.091039942425368,1.197034803671608,552.977624784853674,1.251014686384510,533.333333333333371
chaoyang_500_run6.sumocfg,500,84,RSU1,987.0,200.0,True,4143,33.243060584118,84,987.0,29,942.0,17,178.0,11,309.0,9,421.0,9.673331713251233,18.914869341691066,2.684709572773343,380.386329866270387,1.192528312334053,579.823265408524549,2.774565565532213,447.815199549501017,1.397139350229297,832.968497192347968,1.418913554911895,826.183726542183081,0.928279223750902,575.275748460106001,0.950053428433499,566.569858987368320,1.434571036447014,811.234184548361668,1.478119445812208,793.091039942425368,0.965710909968618,552.977624784853674,1.009259319333813,533.333333333333371
chaoyang_500_run7.sumocfg,500,67,RSU1,939.0,200.0,True,3685,25.344369063772,67,939.0,28,952.0,15,184.0,11,865.0,7,379.0,7.374907265128874,18.914869341691066,2.046811245590223,380.386329866270387,0.909178551424691,579.823265408524549,2.115317075169598,447.815199549501017,1.065173143012208,832.968497192347968,1.081773704748978,826.183726542183081,0.707716161736768,575.275748460106001,0.724316723473539,566.569858987368320,1.093710902578015,811.234184548361668,1.126912026051556,793.091039942425368,0.736253921302575,552.977624784853674,0.769455044776116,533.333333333333371
chaoyang_500_run8.sumocfg,500,66,RSU1,1048.0,200.0,True,4322,23.344747801944,66,1048.0,30,1087.0,18,370.0,13,773.0,9,240.0,6.793041473392088,18.914869341691066,1.885321832484999,380.386329866270387,0.837446137899138,579.823265408524549,1.948422685793654,447.815199549501017,0.981133060620103,832.968497192347968,0.996423870430377,826.183726542183081,0.651878737621485,575.275748460106001,0.667169547431758,566.569858987368320,1.007419246645092,811.234184548361668,1.038000866265639,793.091039942425368,0.678164923646474,552.977624784853674,0.708746543267021,533.333333333333371
chaoyang_500_run9.sumocfg,500,60,RSU1,1047.0,200.0,True,4252,23.518579492004,60,1047.0,32,786.0,18,175.0,15,639.0,9,922.0,6.843624409219212,18.914869341691066,1.899360479774230,380.386329866270387,0.843682002116654,579.823265408524549,1.962931200141116,447.815199549501017,0.988438858889937,832.968497192347968,1.003843528457200,826.183726542183081,0.656732813734715,575.275748460106001,0.672137483301978,566.569858987368320,1.014920779397934,811.234184548361668,1.045730118532458,793.091039942425368,0.683214734242711,552.977624784853674,0.714024073377236,533.333333333333371
chaoyang_600_run1.sumocfg,600,99,RSU1,1014.0,200.0,True,4241,38.908983730252,99,1014.0,41,1065.0,17,820.0,12,725.0,9,328.0,11.322047357698636,18.914869341691066,3.142289526055170,380.386329866270387,1.395781973355338,579.823265408524549,3.247460509078042,447.815199549501017,1.635266768215041,832.968497192347968,1.660752152558356,826.183726542183081,1.086494461683563,575.275748460106001,1.111979846026878,566.569858987368320,1.679078283895305,811.234184548361668,1.730049052581935,793.091039942425368,1.130305977363827,552.977624784853674,1.181276746050458,533.333333333333371
chaoyang_600_run10.sumocfg,600,92,RSU1,1046.0,200.0,True,5007,30.693429199120,92,1046.0,44,1084.0,19,1001.0,15,596.0,8,237.0,8.931419575793528,18.914869341691066,2.478801342120931,380.386329866270387,1.101065385660032,579.823265408524549,2.561765681246152,447.815199549501017,1.289983442380615,832.968497192347968,1.310087638506039,826.183726542183081,0.857083316956227,575.275748460106001,0.877187513081650,566.569858987368320,1.324544243658824,811.234184548361668,1.364752635909671,793.091039942425368,0.891644118234436,552.977624784853674,0.931852510485283,533.333333333333371
chaoyang_600_run2.sumocfg,600,75,RSU1,1116.0,200.0,True,4687,28.102837636015,75,1116.0,35,975.0,19,311.0,18,693.0,11,376.0,8.177588518028843,18.914869341691066,2.269585167484602,380.386329866270387,1.008133094516780,579.823265408524549,2.345547137614751,447.815199549501017,1.181106060166454,832.968497192347968,1.199513418818045,826.183726542183081,0.784743638148094,575.275748460106001,0.803150996799683,566.569858987368320,1.212749855344608,811.234184548361668,1.249564572647788,793.091039942425368,0.816387433326247,552.977624784853674,0.853202150629427,533.333333333333371
chaoyang_600_run3.sumocfg,600,103,RSU1,1202.0,200.0,True,4950,38.110303030302,103,1202.0,37,847.0,18,284.0,12,211.0,11,1051.0,11.089640858181509,18.914869341691066,3.077788072727187,380.386329866270387,1.367130900606022,579.823265408524549,3.180800221818093,447.815199549501017,1.601699815757531,832.968497192347968,1.626662064242379,826.183726542183081,1.064192101818152,575.275748460106001,1.089154350303000,566.569858987368320,1.644612016969651,811.234184548361668,1.694536513939346,793.091039942425368,1.107104303030272,552.977624784853674,1.157028799999968,533.333333333333371
chaoyang_600_run4.sumocfg,600,85,RSU1,983.0,200.0,True,4531,29.025160008829,85,983.0,37,638.0,24,461.0,14,333.0,7,283.0,8.445973260649044,18.914869341691066,2.344071922313006,380.386329866270387,1.041219564996712,579.823265408524549,2.422526929816869,447.815199549501017,1.219869424851052,832.968497192347968,1.238880904656835,826.183726542183081,0.810498568086532,575.275748460106001,0.829510047892315,566.569858987368320,1.252551755020993,811.234184548361668,1.290574714632559,793.091039942425368,0.843180898256473,552.977624784853674,0.881203857868039,533.333333333333371
chaoyang_600_run5.sumocfg,600,106,RSU1,986.0,200.0,True,5126,34.716543113537,106,986.0,49,1148.0,18,565.0,14,485.0,11,418.0,10.102097447521899,18.914869341691066,2.803708021849247,380.386329866270387,1.245386551111912,579.823265408524549,2.897546837885137,447.815199549501017,1.459066873975732,832.968497192347968,1.481806209715099,826.183726542183081,0.969424749902407,575.275748460106001,0.992164085641773,566.569858987368320,1.498157701521575,811.234184548361668,1.543636373000308,793.091039942425368,1.008515577448249,552.977624784853674,1.053994248926983,533.333333333333371
chaoyang_600_run6.sumocfg,600,101,RSU1,930.0,200.0,True,4586,37.724596598342,101,930.0,46,1069.0,21,929.0,14,813.0,9,370.0,10.977404914958376,18.914869341691066,3.046638421282109,380.386329866270387,1.353294453772327,579.823265408524549,3.148608005887428,447.815199549501017,1.585489345835122,832.968497192347968,1.610198956607036,826.183726542183081,1.053421635412105,575.275748460106001,1.078131246184019,566.569858987368320,1.627967241604856,811.234184548361668,1.677386463148684,793.091039942425368,1.095899531181838,552.977624784853674,1.145318752725667,533.333333333333371
chaoyang_600_run7.sumocfg,600,93,RSU1,891.0,200.0,True,5136,32.705023364485,93,891.0,42,970.0,17,371.0,12,344.0,8,511.0,9.516769338784732,18.914869341691066,2.641257686915801,380.386329866270387,1.173227303154167,579.823265408524549,2.729659365070003,447.815199549501017,1.374526721962571,832.968497192347968,1.395948512266309,826.183726542183081,0.913255072429876,575.275748460106001,0.934676862733614,566.569858987368320,1.411352578270982,811.234184548361668,1.454196158878457,793.091039942425368,0.950080928738286,552.977624784853674,0.992924509345762,533.333333333333371
chaoyang_600_run8.sumocfg,600,102,RSU1,1048.0,200.0,True,5073,32.087522176225,102,1048.0,41,1072.0,23,642.0,18,724.0,9,286.0,9.337083903015500,18.914869341691066,2.591388290951970,380.386329866270387,1.151075683027737,579.823265408524549,2.678120863394307,447.815199549501017,1.348574382022405,832.968497192347968,1.369591709047832,826.183726542183081,0.896011969248920,575.275748460106001,0.917029296274348,566.569858987368320,1.384704931992835,811.234184548361668,1.426739586043690,793.091039942425368,0.932142519219350,552.977624784853674,0.974177173270206,533.333333333333371
chaoyang_600_run9.sumocfg,600,76,RSU1,1140.0,200.0,True,4173,29.196261682243,76,1140.0,37,879.0,18,552.0,17,816.0,9,958.0,8.495761794392621,18.914869341691066,2.357890093457971,380.386329866270387,1.047357495327115,579.823265408524549,2.436807588785074,447.815199549501017,1.227060485981323,832.968497192347968,1.246184037383192,826.183726542183081,0.815276411214963,575.275748460106001,0.834399962616832,566.569858987368320,1.259935476635529,811.234184548361668,1.298182579439267,793.091039942425368,0.848151401869169,552.977624784853674,0.886398504672907,533.333333333333371
chaoyang_700_run1.sumocfg,700,126,RSU1,1030.0,200.0,True,5099,46.345361835654,126,1030.0,39,1085.0,25,364.0,18,295.0,11,329.0,13.485944149833147,18.914869341691066,3.742851421847378,380.386329866270387,1.662547165130398,579.823265408524549,3.868122934889149,447.815199549501017,1.947802867228846,832.968497192347968,1.978159079231199,826.183726542183081,1.294147883898789,575.275748460106001,1.324504095901142,566.569858987368320,1.999987744655792,811.234184548361668,2.060700168660498,793.091039942425368,1.346332761325735,552.977624784853674,1.407045185330441,533.333333333333371
chaoyang_700_run10.sumocfg,700,108,RSU1,864.0,200.0,True,5059,41.625222375963,108,864.0,43,990.0,25,1012.0,15,254.0,10,924.0,12.112440208736865,18.914869341691066,3.361652959082812,380.386329866270387,1.493221602292938,579.823265408524549,3.474165935165041,447.815199549501017,1.749424846016994,832.968497192347968,1.776689366673250,826.183726542183081,1.162342709626405,575.275748460106001,1.189607230282661,566.569858987368320,1.796294846412329,811.234184548361668,1.850823887724841,793.091039942425368,1.209212710021740,552.977624784853674,1.263741751334252,533.333333333333371
chaoyang_700_run2.sumocfg,700,108,RSU1,1168.0,200.0,True,5556,41.984341252697,108,1168.0,49,1068.0,22,370.0,19,982.0,12,1003.0,12.216939492439803,18.914869341691066,3.390655399567812,380.386329866270387,1.506104273758000,579.823265408524549,3.504139073973852,447.815199549501017,1.764517894168351,832.968497192347968,1.792017637688867,826.183726542183081,1.172370745140312,575.275748460106001,1.199870488660828,566.569858987368320,1.811792262418888,811.234184548361668,1.866791749459920,793.091039942425368,1.219645113390849,552.977624784853674,1.274644600431882,533.333333333333371
chaoyang_700_run3.sumocfg,700,114,RSU1,1010.0,200.0,True,5826,42.788362512872,114,1010.0,58,1038.0,22,272.0,17,165.0,8,150.0,12.450900030895635,18.914869341691066,3.455588156539553,380.386329866270387,1.534946928424262,579.823265408524549,3.571245100411846,447.815199549501017,1.798309299690990,832.968497192347968,1.826335677136921,826.183726542183081,1.194822234809441,575.275748460106001,1.222848612255373,566.569858987368320,1.846488995880484,811.234184548361668,1.902541750772346,793.091039942425368,1.243001930998935,552.977624784853674,1.299054685890798,533.333333333333371
chaoyang_700_run4.sumocfg,700,114,RSU1,1060.0,200.0,True,5052,47.346991290577,114,1060.0,51,1112.0,22,391.0,17,436.0,13,822.0,13.777406301662294,18.914869341691066,3.823743016626964,380.386329866270387,1.698478618566853,579.823265408524549,3.951721934085392,447.815199549501017,1.989899349960352,832.968497192347968,2.020911629255679,826.183726542183081,1.322117384798060,575.275748460106001,1.353129664093388,566.569858987368320,2.043212062153541,811.234184548361668,2.105236620744197,793.091039942425368,1.375430096991249,552.977624784853674,1.437454655581905,533.333333333333371
chaoyang_700_run5.sumocfg,700,111,RSU1,1006.0,200.0,True,5236,40.659281894575,111,1006.0,43,1017.0,22,997.0,17,276.0,11,211.0,11.831363119938452,18.914869341691066,3.283643605805838,380.386329866270387,1.458570419404072,579.823265408524549,3.393545644766873,447.815199549501017,1.708828299465178,832.968497192347968,1.735460129106124,826.183726542183081,1.135369787624099,575.275748460106001,1.162001617265045,566.569858987368320,1.754610650878469,811.234184548361668,1.807874310160361,793.091039942425368,1.181152139037390,552.977624784853674,1.234415798319282,533.333333333333371
chaoyang_700_run6.sumocfg,700,79,RSU1,1073.0,200.0,True,5480,29.746167883210,79,1073.0,43,879.0,19,460.0,15,363.0,8,690.0,8.655777899999588,18.914869341691066,2.402300518248061,380.386329866270387,1.067084280474402,579.823265408524549,2.482704410036378,447.815199549501017,1.250171943795561,832.968497192347968,1.269655683759064,826.183726542183081,0.830631991970763,575.275748460106001,0.850115731934266,566.569858987368320,1.283666128832056,811.234184548361668,1.322633608759061,793.091039942425368,0.864126177007258,552.977624784853674,0.903093656934264,533.333333333333371
chaoyang_700_run7.sumocfg,700,92,RSU1,949.0,200.0,True,5378,32.166232800296,92,949.0,40,983.0,21,373.0,16,795.0,10,697.0,9.359987750092413,18.914869341691066,2.597744960951873,380.386329866270387,1.153899269245004,579.823265408524549,2.684690288211071,447.815199549501017,1.351882432130823,832.968497192347968,1.372951314615017,826.183726542183081,0.898209884715454,575.275748460106001,0.919278767199648,566.569858987368320,1.388101610263956,811.234184548361668,1.430239375232343,793.091039942425368,0.934429062848587,552.977624784853674,0.976566827816974,533.333333333333371
chaoyang_700_run8.sumocfg,700,100,RSU1,778.0,200.0,True,5117,40.322845417237,100,778.0,34,978.0,24,280.0,19,178.0,11,147.0,11.733464142270815,18.914869341691066,3.256472995896020,380.386329866270387,1.446501433652525,579.823265408524549,3.365465647058810,447.815199549501017,1.694688547195616,832.968497192347968,1.721100010943906,826.183726542183081,1.125975135430912,575.275748460106001,1.152386599179202,566.569858987368320,1.740092071135424,811.234184548361668,1.792914998632004,793.091039942425368,1.171378659370720,552.977624784853674,1.224201586867300,533.333333333333371
chaoyang_700_run9.sumocfg,700,105,RSU1,977.0,200.0,True,5737,36.533379815233,105,977.0,48,1083.0,20,760.0,15,317.0,10,289.0,10.630775125675040,18.914869341691066,2.950435753878223,380.386329866270387,1.310561934111856,579.823265408524549,3.049185479518797,447.815199549501017,1.535424886874615,832.968497192347968,1.559354250653593,826.183726542183081,1.020158097960568,575.275748460106001,1.044087461739546,566.569858987368320,1.576561472546568,811.234184548361668,1.624420200104523,793.091039942425368,1.061294683632521,552.977624784853674,1.109153411190476,533.333333333333371
chaoyang_800_run1.sumocfg,800,109,RSU1,878.0,200.0,True,5988,43.017869071476,109,878.0,45,1075.0,19,552.0,14,461.0,10,246.0,12.517683685370550,18.914869341691066,3.474123106212372,380.386329866270387,1.543180017201045,579.823265408524549,3.590400406312571,447.815199549501017,1.807955001335978,832.968497192347968,1.836131705577794,826.183726542183081,1.201230975951886,575.275748460106001,1.229407680193702,566.569858987368320,1.856393121910459,811.234184548361668,1.912746530394092,793.091039942425368,1.249669096526367,552.977624784853674,1.306022505010000,533.333333333333371
chaoyang_800_run10.sumocfg,800,110,RSU1,1037.0,200.0,True,6366,38.348256361920,110,1037.0,53,1078.0,22,758.0,16,705.0,11,881.0,11.158882422242412,18.914869341691066,3.097005183788669,380.386329866270387,1.375667000471160,579.823265408524549,3.200660520734939,447.815199549501017,1.611700518378779,832.968497192347968,1.636818626295837,826.183726542183081,1.070836710650257,575.275748460106001,1.095954818567315,566.569858987368320,1.654880655042301,811.234184548361668,1.705116870876416,793.091039942425368,1.114016847313780,552.977624784853674,1.164253063147895,533.333333333333371
chaoyang_800_run2.sumocfg,800,110,RSU1,1074.0,200.0,True,5897,42.010683398337,110,1074.0,59,1273.0,19,814.0,16,637.0,11,914.0,12.224604740715355,18.914869341691066,3.392782791249715,380.386329866270387,1.507049245548552,579.823265408524549,3.506337668475420,447.815199549501017,1.765625001865317,832.968497192347968,1.793141999491228,826.183726542183081,1.173106323215169,575.275748460106001,1.200623320841080,566.569858987368320,1.812929031371845,811.234184548361668,1.867963026623667,793.091039942425368,1.220410352721697,552.977624784853674,1.275444347973518,533.333333333333371
chaoyang_800_run3.sumocfg,800,108,RSU1,959.0,200.0,True,5883,40.312935577084,108,959.0,66,993.0,31,997.0,20,455.0,13,428.0,11.730580497704548,18.914869341691066,3.255672677205312,380.386329866270387,1.446145937956738,579.823265408524549,3.364638542070170,447.815199549501017,1.694272056433690,832.968497192347968,1.720677029236680,826.183726542183081,1.125698413054496,575.275748460106001,1.152103385857487,566.569858987368320,1.739664421893487,811.234184548361668,1.792474367499467,793.091039942425368,1.171090778514293,552.977624784853674,1.223900724120273,533.333333333333371
chaoyang_800_run4.sumocfg,800,132,RSU1,936.0,200.0,True,6554,46.289288983827,132,936.0,61,1083.0,22,453.0,15,452.0,11,251.0,13.469627622825712,18.914869341691066,3.738322978333830,380.386329866270387,1.660535663716809,579.823265408524549,3.863442926457113,447.815199549501017,1.945446237412261,832.968497192347968,1.975765721696668,826.183726542183081,1.292582105584372,575.275748460106001,1.322901589868778,566.569858987368320,1.997567976808050,811.234184548361668,2.058206945376863,793.091039942425368,1.344703844980160,552.977624784853674,1.405342813548973,533.333333333333371
chaoyang_800_run5.sumocfg,800,113,RSU1,1163.0,200.0,True,6359,40.116527755936,113,1163.0,64,995.0,22,192.0,19,617.0,14,264.0,11.673428178644304,18.914869341691066,3.239810781569392,380.386329866270387,1.439100200188692,579.823265408524549,3.348245756093686,447.815199549501017,1.686017428526478,832.968497192347968,1.712293754206616,826.183726542183081,1.120213921056757,575.275748460106001,1.146490246736895,566.569858987368320,1.731188638779662,811.234184548361668,1.783741290139938,793.091039942425368,1.165385131309941,552.977624784853674,1.217937782670217,533.333333333333371
chaoyang_800_run6.sumocfg,800,110,RSU1,808.0,200.0,True,5472,44.924524853799,110,808.0,58,995.0,24,1003.0,17,997.0,13,288.0,13.072497638157405,18.914869341691066,3.628104627192847,380.386329866270387,1.611577480080349,579.823265408524549,3.749535617872667,447.815199549501017,1.888087930555485,832.968497192347968,1.917513494334724,826.183726542183081,1.254472432017497,575.275748460106001,1.283897995796736,566.569858987368320,1.938672945540863,811.234184548361668,1.997524073099340,793.091039942425368,1.305057447002875,552.977624784853674,1.363908574561352,533.333333333333371
chaoyang_800_run7.sumocfg,800,105,RSU1,1065.0,200.0,True,5877,32.919006295728,105,1065.0,52,1082.0,24,552.0,19,618.0,10,702.0,9.579035803981183,18.914869341691066,2.658538948442962,380.386329866270387,1.180903512846636,579.823265408524549,2.747519022460313,447.815199549501017,1.383519996596840,832.968497192347968,1.405081945720541,826.183726542183081,0.919230331801898,575.275748460106001,0.940792280925599,566.569858987368320,1.420586797685829,811.234184548361668,1.463710695933232,793.091039942425368,0.956297132890887,552.977624784853674,0.999421031138290,533.333333333333371
chaoyang_800_run8.sumocfg,800,117,RSU1,954.0,200.0,True,6106,44.349983622667,117,954.0,60,1120.0,25,755.0,19,1029.0,12,151.0,12.905313034392638,18.914869341691066,3.581704677366590,380.386329866270387,1.590966962495935,579.823265408524549,3.701582683098659,447.815199549501017,1.863941111693450,832.968497192347968,1.892990350966297,826.183726542183081,1.238428942679354,575.275748460106001,1.267478181952201,566.569858987368320,1.913879193252573,811.234184548361668,1.971977671798267,793.091039942425368,1.288367024238477,552.977624784853674,1.346465502784171,533.333333333333371
chaoyang_800_run9.sumocfg,800,114,RSU1,1065.0,200.0,True,5624,35.947012802274,114,1065.0,45,998.0,24,1001.0,23,633.0,11,565.0,10.460149361308096,18.914869341691066,2.903080753911646,380.386329866270387,1.289527190255974,579.823265408524549,3.000245529516192,447.815199549501017,1.510781054053970,832.968497192347968,1.534326347439460,826.183726542183081,1.003784385490698,575.275748460106001,1.027329678876188,566.569858987368320,1.551257390469331,811.234184548361668,1.598347977240310,793.091039942425368,1.044260721906059,552.977624784853674,1.091351308677038,533.333333333333371
chaoyang_900_run1.sumocfg,900,111,RSU1,940.0,200.0,True,6602,39.115873977582,111,940.0,60,1082.0,22,761.0,20,544.0,15,960.0,11.382249936988730,18.914869341691066,3.158997982429550,380.386329866270387,1.403203747197811,579.823265408524549,3.264728189790955,447.815199549501017,1.643961951529830,832.968497192347968,1.669582848985147,826.183726542183081,1.092271664950009,575.275748460106001,1.117892562405326,566.569858987368320,1.688006425628588,811.234184548361668,1.739248220539221,793.091039942425368,1.136316139048767,552.977624784853674,1.187557933959400,533.333333333333371
chaoyang_900_run10.sumocfg,900,121,RSU1,894.0,200.0,True,7489,49.622513019095,121,894.0,58,1169.0,31,1001.0,23,864.0,9,435.0,14.439555818400457,18.914869341691066,4.007514151422123,380.386329866270387,1.780108409534000,579.823265408524549,4.141643804112737,447.815199549501017,2.085534977166530,832.968497192347968,2.118037723194038,826.183726542183081,1.385659053545213,575.275748460106001,1.418161799572720,566.569858987368320,2.141409926826031,811.234184548361668,2.206415418881046,793.091039942425368,1.441534003204714,552.977624784853674,1.506539495259728,533.333333333333371
chaoyang_900_run2.sumocfg,900,114,RSU1,849.0,200.0,True,7093,46.182433385027,114,849.0,79,1089.0,26,194.0,17,892.0,10,1005.0,13.438533925842314,18.914869341691066,3.729693320174802,380.386329866270387,1.656702432821083,579.823265408524549,3.854524437614530,447.815199549501017,1.940955310305926,832.968497192347968,1.971204804173119,826.183726542183081,1.289598269843501,575.275748460106001,1.319847763710694,566.569858987368320,1.992956730297467,811.234184548361668,2.053455718031853,793.091039942425368,1.341599689835042,552.977624784853674,1.402098677569428,533.333333333333371
chaoyang_900_run3.sumocfg,900,137,RSU1,976.0,200.0,True,6689,46.438780086710,137,976.0,69,1130.0,22,178.0,22,256.0,11,557.0,13.513127739871639,18.914869341691066,3.750395879802719,380.386329866270387,1.665898358050556,579.823265408524549,3.875919902377096,447.815199549501017,1.951729049484258,832.968497192347968,1.982146450441053,826.183726542183081,1.296756495141297,575.275748460106001,1.327173896098092,566.569858987368320,2.004019115861894,811.234184548361668,2.064853917775484,793.091039942425368,1.349046561518933,552.977624784853674,1.409881363432523,533.333333333333371
chaoyang_900_run4.sumocfg,900,114,RSU1,1119.0,200.0,True,6784,37.966833726414,114,1119.0,69,982.0,27,551.0,17,495.0,10,443.0,11.047893012381785,18.914869341691066,3.066201491745202,380.386329866270387,1.361984226267653,579.823265408524549,3.168825843307699,447.815199549501017,1.595670087853732,832.968497192347968,1.620538363944533,826.183726542183081,1.060185864976387,575.275748460106001,1.085054141067189,566.569858987368320,1.638420742629674,811.234184548361668,1.688157294811276,793.091039942425368,1.102936519752330,552.977624784853674,1.152673071933932,533.333333333333371
chaoyang_900_run5.sumocfg,900,111,RSU1,1074.0,200.0,True,5960,43.492281879194,111,1074.0,70,1518.0,29,916.0,24,273.0,14,553.0,12.655732119462966,18.914869341691066,3.512436684563725,380.386329866270387,1.560198627852334,579.823265408524549,3.629996322483187,447.815199549501017,1.827893622818775,832.968497192347968,1.856381067449647,826.183726542183081,1.214478479194619,575.275748460106001,1.242965923825492,566.569858987368320,1.876865932214747,811.234184548361668,1.933840821476492,793.091039942425368,1.263450788590592,552.977624784853674,1.320425677852336,533.333333333333371
chaoyang_900_run6.sumocfg,900,139,RSU1,1008.0,200.0,True,6863,52.371703336733,139,1008.0,61,1123.0,24,672.0,20,242.0,14,625.0,15.239537210549134,18.914869341691066,4.229538761474521,380.386329866270387,1.878730113798607,579.823265408524549,4.371099475593709,447.815199549501017,2.201077947836196,832.968497192347968,2.235381413521756,826.183726542183081,1.462427443974920,575.275748460106001,1.496730909660480,566.569858987368320,2.260048485793357,811.234184548361668,2.328655417164477,793.091039942425368,1.521397981932081,552.977624784853674,1.590004913303201,533.333333333333371
chaoyang_900_run7.sumocfg,900,121,RSU1,876.0,200.0,True,5978,45.303947808633,121,876.0,51,994.0,26,911.0,24,994.0,14,698.0,13.182905164938433,18.914869341691066,3.658746825025183,380.386329866270387,1.625188519739083,579.823265408524549,3.781203395951917,447.815199549501017,1.904034318501218,832.968497192347968,1.933708404315873,826.183726542183081,1.265067438608261,575.275748460106001,1.294741524422916,566.569858987368320,1.955046563733739,811.234184548361668,2.014394735363048,793.091039942425368,1.316079683840782,552.977624784853674,1.375427855470091,533.333333333333371
chaoyang_900_run8.sumocfg,900,111,RSU1,949.0,200.0,True,6232,46.522304236201,111,949.0,54,1169.0,27,551.0,21,963.0,12,825.0,13.537432265083556,18.914869341691066,3.757141290115565,380.386329866270387,1.668894619865226,579.823265408524549,3.882891078466015,447.815199549501017,1.955239402439041,832.968497192347968,1.985711511713752,826.183726542183081,1.299088823491667,575.275748460106001,1.329560932766378,566.569858987368320,2.007623517009003,811.234184548361668,2.068567735558426,793.091039942425368,1.351472938061629,552.977624784853674,1.412417156611052,533.333333333333371
chaoyang_900_run9.sumocfg,900,120,RSU1,989.0,200.0,True,7402,34.286138881381,120,989.0,50,1156.0,26,728.0,18,530.0,13,241.0,9.976854980815316,18.914869341691066,2.768948576060336,380.386329866270387,1.229946660091783,579.823265408524549,2.861624009456709,447.815199549501017,1.440977844906684,832.968497192347968,1.463435265873989,826.183726542183081,0.957406142123685,575.275748460106001,0.979863563090990,566.569858987368320,1.479584037287119,811.234184548361668,1.524498879221728,793.091039942425368,0.996012334504120,552.977624784853674,1.040927176438730,533.333333333333371
